{"train_loss": [0.311162491702844, 0.30470289822058766, 0.2909572845750506, 0.2784984721108112, 0.26866370509496346, 0.26509760606154, 0.25064871249760373, 0.2408715179102581, 0.24450317249078793, 0.22779451210528087, 0.21955450459356743, 0.21711962756380357, 0.21142250305912222, 0.1962161897256694, 0.20215256212563104, 0.19798565080962122, 0.17848661126801688, 0.18246522042770258, 0.17632806108079987, 0.18935497883369112], "val_loss": [0.32632698764690776, 0.31639842175105176, 0.30652023065182055, 0.29916686970948714, 0.28964135699648846, 0.28417254341245846, 0.2711792935353483, 0.26749315022388637, 0.25947938776199986, 0.25550504746579483, 0.24918071888315424, 0.24548359760774124, 0.24384352481548957, 0.23541126637100485, 0.23305902826763072, 0.2383203339082887, 0.22279873193171673, 0.2250925918936959, 0.21780445119491662, 0.2173442583753654], "train_acc": [0.8663616662653504, 0.8685287743799663, 0.8805682639056104, 0.8858656392968938, 0.8873103780399711, 0.8959788104984349, 0.8995906573561281, 0.9024801348422827, 0.9044064531663858, 0.9097038285576692, 0.9145196243679268, 0.9123525162533108, 0.9188538405971587, 0.926318324103058, 0.9229472670358777, 0.9219841078738261, 0.9402841319528052, 0.9323380688658801, 0.9352275463520346, 0.9289670117986998], "val_acc": [0.8786127167630058, 0.8786127167630058, 0.8747591522157996, 0.8882466281310212, 0.8863198458574181, 0.8921001926782274, 0.8940269749518305, 0.8959537572254336, 0.8959537572254336, 0.9036608863198459, 0.9036608863198459, 0.905587668593449, 0.9017341040462428, 0.905587668593449, 0.9075144508670521, 0.9036608863198459, 0.9132947976878613, 0.9094412331406551, 0.9036608863198459, 0.9210019267822736], "train_auc": [0.9440969197785939, 0.9454903477414575, 0.9516582234083819, 0.9558014591622709, 0.9592343927473921, 0.9600647819734693, 0.9647597910438748, 0.9680422093231223, 0.9663612227974941, 0.9715678213141752, 0.9735144162537948, 0.9745151804441594, 0.9758000190466899, 0.9805298696230846, 0.9780924740024296, 0.9791596693308805, 0.9845414044843341, 0.9827153611554372, 0.9843843854306759, 0.9801013190994167], "val_auc": [0.9374535177748029, 0.9419158113937232, 0.9443998215082552, 0.9473003123605533, 0.9511825078090137, 0.9524468243343744, 0.9562100252863306, 0.9575635876840696, 0.9599137289900341, 0.9604640785363676, 0.96275472259408, 0.9635133125092964, 0.9653726015171799, 0.966279934553027, 0.9675145024542614, 0.9676483712628291, 0.9697902721999108, 0.968287966681541, 0.9718429272646141, 0.9718578015766771]}