{"train_loss": [0.29817023152131616, 0.15957170371984306, 0.10150581875368828, 0.06624322796055215, 0.04372697903994671, 0.03716180620810554, 0.030794862284628476, 0.03175234782193085, 0.021718679472168087, 0.020144599119401786, 0.01644116181448773, 0.016413810407052608, 0.01725867259612833, 0.014211517336959764, 0.013684106213938783, 0.011834103290719093, 0.012423991719731183, 0.008915375619248773, 0.011615940465533766, 0.01087639016715297], "val_loss": [0.23972370771256946, 0.19533340149847989, 0.16869610561657272, 0.14528238212040165, 0.15720395633308415, 0.15087060588331236, 0.1447409608424686, 0.1381122698479822, 0.13685272182723748, 0.13800022138824583, 0.12570681069620485, 0.14354216289008484, 0.14510805148861025, 0.15366019385728646, 0.13711542580886843, 0.15508816734688474, 0.15143901832053627, 0.1335341218609528, 0.14582753835805837, 0.1628731358446439], "train_acc": [0.8733445701902239, 0.9477486154587046, 0.9715868047194799, 0.9821815555020467, 0.9906091981699976, 0.9901276185889718, 0.9927763062846136, 0.989646039007946, 0.993739465446665, 0.9927763062846136, 0.9951842041897424, 0.9934986756561521, 0.9934986756561521, 0.9942210450276908, 0.9939802552371779, 0.9954249939802552, 0.9947026246087166, 0.9961473633517939, 0.9939802552371779, 0.9949434143992295], "val_acc": [0.9132947976878613, 0.928709055876686, 0.9479768786127167, 0.953757225433526, 0.9421965317919075, 0.9556840077071291, 0.9576107899807321, 0.9576107899807321, 0.9576107899807321, 0.9556840077071291, 0.9614643545279383, 0.953757225433526, 0.9614643545279383, 0.9614643545279383, 0.9576107899807321, 0.9633911368015414, 0.9595375722543352, 0.9653179190751445, 0.9614643545279383, 0.9556840077071291], "train_auc": [0.947543906104464, 0.9881203239795504, 0.995549113748226, 0.9983717402867689, 0.9992837747752141, 0.9992401067543744, 0.9992667024372794, 0.9993078154143468, 0.9998030293528074, 0.9998190564455625, 0.9998623760513425, 0.9998512267694258, 0.9998451875750544, 0.9999054633804159, 0.9999091798077213, 0.9999303169880215, 0.9999245100703567, 0.9999612097899986, 0.9999312460948477, 0.9999312460948478], "val_auc": [0.9658634538152611, 0.9754127621597501, 0.9808865089989589, 0.9861371411572215, 0.9847092071991671, 0.9857057861073926, 0.9868659824483118, 0.9886657742079428, 0.9893053696266548, 0.9897813476126729, 0.9912092815707274, 0.9904953145917, 0.9892830581585602, 0.9895136099955376, 0.9913877733154841, 0.9899449650453667, 0.9896921017402945, 0.992473598096088, 0.9911423471664436, 0.9887327086122267]}