{"train_loss": [0.3647216238402585, 0.2981243141653909, 0.2495972097867258, 0.20846017716865553, 0.17938936672353067, 0.1526578015199547, 0.1330788316617321, 0.1174033603380021, 0.09968089442381708, 0.0856068822907994, 0.07322335665179482, 0.0642864418521258, 0.05958055647243915, 0.050243423316092224, 0.045694168580369926, 0.04492918470331288, 0.03843853607246338, 0.03433474166600885, 0.03160955148818348, 0.02884747688953428], "val_loss": [0.31635915859815933, 0.27913880086932796, 0.2601263598325395, 0.22700289026735376, 0.24123227402481728, 0.19331215150826583, 0.18103365041853892, 0.16954105832077462, 0.1669836610937868, 0.16454197843792365, 0.15040478263290774, 0.1417046994879763, 0.1454866573753765, 0.14687793766016496, 0.13890232890911638, 0.14008215476686103, 0.14221634387544685, 0.1403735681391646, 0.1525038838163799, 0.1457121727764041], "train_acc": [0.838430050565856, 0.877437996628943, 0.893570912593306, 0.9137972549963882, 0.9270406934745967, 0.9417288706958825, 0.9503973031543462, 0.9554538887551168, 0.9653262701661449, 0.969178906814351, 0.9744762822056345, 0.9766433903202504, 0.9785697086443534, 0.9829039248735854, 0.9850710329882013, 0.9848302431976884, 0.987719720683843, 0.9908499879605105, 0.9886828798458945, 0.9908499879605105], "val_acc": [0.8728323699421965, 0.8882466281310212, 0.8882466281310212, 0.8998073217726397, 0.9094412331406551, 0.9267822736030829, 0.9248554913294798, 0.9383429672447013, 0.9402697495183044, 0.9325626204238922, 0.9402697495183044, 0.9383429672447013, 0.9479768786127167, 0.9421965317919075, 0.9479768786127167, 0.9499036608863198, 0.9479768786127167, 0.9479768786127167, 0.9460500963391136, 0.9460500963391136], "train_auc": [0.917408442329178, 0.9454529511916956, 0.9623236729451061, 0.9739759500697991, 0.981082804323134, 0.9860260010545363, 0.9897188522743374, 0.9917551060227027, 0.9945514852934003, 0.995992181566056, 0.9969175719651306, 0.997717532942644, 0.9979978909275041, 0.9987480285514527, 0.9988252605563958, 0.9988984277189732, 0.9988425651710369, 0.9992921367366516, 0.9994875975852514, 0.9994970047918684], "val_auc": [0.9394466755912539, 0.9531756656254647, 0.9590807675145026, 0.9687193217313699, 0.9723486538747583, 0.9771084337349398, 0.9797263126580396, 0.9824631860776439, 0.982939164063662, 0.9849471961921762, 0.9863453815261043, 0.9881897962219248, 0.9877584411720958, 0.9878476870444742, 0.9901680797263127, 0.9889930090733304, 0.98937974118697, 0.9899300907333035, 0.9894541127472855, 0.9896028558679161]}