{"train_loss": [0.309873597918434, 0.2557267039196192, 0.22113682834134168, 0.19030900421183913, 0.1703215309963897, 0.15579036919074032, 0.13953671880136362, 0.11861061671685517, 0.1035101123346124, 0.08389576620476348, 0.08440765823793073, 0.07612589590050516, 0.06811595277924896, 0.0610570724611322, 0.05495907740419439, 0.05068795621850793, 0.04925204954400942, 0.041846774976862906, 0.03943660196438055, 0.03772477490763305], "val_loss": [0.2572143989721015, 0.23946826368110946, 0.21784788228011545, 0.1887202347002507, 0.19308542917430516, 0.17048765070061692, 0.16043995933783078, 0.15768116135473195, 0.16599454552739112, 0.1510569880284039, 0.14502122882315763, 0.1470667172173085, 0.14370020239404, 0.1388705580303291, 0.1319017338876923, 0.13629612559542376, 0.13085567141813093, 0.14385707929428948, 0.13529492940965443, 0.134671144406374], "train_acc": [0.8615458704550927, 0.8899590657356128, 0.9094630387671563, 0.9239104261979292, 0.934745966771009, 0.942692029857934, 0.9496749337828077, 0.9600288947748615, 0.9667710089092223, 0.9773657596917891, 0.9727907536720443, 0.975439441367686, 0.9797736575969179, 0.9845894534071755, 0.9855526125692271, 0.9860341921502528, 0.9869973513123044, 0.9901276185889718, 0.9908499879605105, 0.9915723573320491], "val_acc": [0.8959537572254336, 0.9017341040462428, 0.9210019267822736, 0.9210019267822736, 0.9344894026974951, 0.9441233140655106, 0.9364161849710982, 0.9402697495183044, 0.9460500963391136, 0.9441233140655106, 0.9479768786127167, 0.9460500963391136, 0.9441233140655106, 0.953757225433526, 0.9518304431599229, 0.9518304431599229, 0.9556840077071291, 0.9518304431599229, 0.9499036608863198, 0.953757225433526], "train_auc": [0.9412269087919056, 0.9608345469791253, 0.9714468051500391, 0.9792132091117507, 0.9839261034885638, 0.9870230488175955, 0.9898052592091906, 0.9933534020407833, 0.9949029199504786, 0.9976198605875208, 0.9971716826821455, 0.997845981961391, 0.9982575762854774, 0.9988264219399285, 0.9990167727009832, 0.9990035329287074, 0.9989804213964011, 0.9993634456855762, 0.9995130318846235, 0.9993849312809364], "val_auc": [0.9646586345381526, 0.9699985125687937, 0.975159898854678, 0.9795775695374089, 0.981585601665923, 0.9837721255391938, 0.9851851851851852, 0.9848430760077347, 0.9843522237096535, 0.9870295998810055, 0.9870890971292577, 0.9879518072289156, 0.9885914026476276, 0.9880261787892309, 0.9898408448609252, 0.9887401457682582, 0.9892756210025286, 0.9884575338390599, 0.9886508998958797, 0.9893946154990332]}