{"train_loss": [0.0899646678468979, 0.06145613620588285, 0.04755971315856184, 0.043310691315260046, 0.03051398457973198, 0.03522534836904417, 0.026152613076953005, 0.02439320788324299, 0.022492595332256, 0.018285443197555488, 0.01930205687044501, 0.016891620506938612, 0.016302490432210968, 0.01610613191676793, 0.013632291759743967, 0.013203623818925205, 0.010425085268686858], "val_loss": [0.1253026075112079, 0.11887171324198932, 0.11786196893529682, 0.11790519106508679, 0.12370131046265392, 0.11825445338344356, 0.12511251942005175, 0.11491244978868978, 0.10955809150339751, 0.10109585255782814, 0.11576435829266934, 0.11726866707363684, 0.1075613918819201, 0.11167932437779472, 0.12272136669196834, 0.126863235496487, 0.11003130079858967], "train_acc": [0.9703828557669155, 0.9802552371779436, 0.9882013002648687, 0.9874789308933302, 0.991813147122562, 0.9901276185889718, 0.9934986756561521, 0.9925355164941007, 0.9927763062846136, 0.9939802552371779, 0.991813147122562, 0.9930170960751264, 0.9944618348182037, 0.9932578858656393, 0.9949434143992295, 0.9947026246087166, 0.995906573561281], "val_acc": [0.9595375722543352, 0.9595375722543352, 0.9633911368015414, 0.953757225433526, 0.9576107899807321, 0.9653179190751445, 0.9595375722543352, 0.9633911368015414, 0.9691714836223507, 0.9730250481695568, 0.9691714836223507, 0.9710982658959537, 0.9691714836223507, 0.9730250481695568, 0.9691714836223507, 0.9653179190751445, 0.9730250481695568], "train_auc": [0.9961469939910017, 0.9982876561189815, 0.9991747208614679, 0.9990442974907147, 0.9996562304742393, 0.9993378952478509, 0.9997007114635522, 0.9996856134776237, 0.9998205662441554, 0.9998583112089772, 0.9998604016993364, 0.9998588919007434, 0.9998828164015229, 0.9998868812438882, 0.9999342656920336, 0.9999328720317939, 0.9999655069090707], "val_auc": [0.9897367246764838, 0.9903316971590064, 0.9900639595418712, 0.9910902870742229, 0.9907333035847092, 0.9900788338539342, 0.990004462293619, 0.9912687788189798, 0.9920868659824483, 0.9931429421389261, 0.9916703852446824, 0.9910754127621597, 0.9925479696564034, 0.99199762011007, 0.9915960136843671, 0.9912390301948534, 0.9922058604789529]}