{"train_loss": [0.16732056035626344, 0.16512666105535154, 0.15433122502187346, 0.144823961464032, 0.14259669994596771, 0.14121262339685384, 0.13312588011912774, 0.1286528103902143, 0.12830207531864948, 0.12536502930914498, 0.1183159862107436, 0.12019465474042725, 0.11473161547249436, 0.11060817402987316, 0.10869170765890548, 0.10102017492131242, 0.11350250790600257, 0.10849245990898533, 0.09069748127385849, 0.09331064444423698], "val_loss": [0.2107374994855855, 0.1952954201684522, 0.19870222997286416, 0.19577333916818476, 0.1883837747493461, 0.1933809129345394, 0.17284372875283907, 0.17998937205887025, 0.16746571917725667, 0.17684432989801055, 0.17187616104880968, 0.1623261235582576, 0.1664233196720567, 0.1597925507479665, 0.15672544817043638, 0.1642765444209925, 0.1545515193501649, 0.1526609219696825, 0.15793979908689598, 0.14654138923653173], "train_acc": [0.9340235973994703, 0.9349867565615217, 0.9393209727907537, 0.9458222971346015, 0.9477486154587046, 0.9458222971346015, 0.9520828316879364, 0.9523236214784493, 0.948952564411269, 0.9547315193835781, 0.9559354683361425, 0.9566578377076812, 0.9581025764507585, 0.9597881049843486, 0.9602696845653744, 0.9648446905851192, 0.9605104743558873, 0.9607512641464002, 0.971346014928967, 0.9686973272333254], "val_acc": [0.9267822736030829, 0.930635838150289, 0.9267822736030829, 0.930635838150289, 0.9344894026974951, 0.928709055876686, 0.9325626204238922, 0.9248554913294798, 0.9402697495183044, 0.9364161849710982, 0.9364161849710982, 0.9402697495183044, 0.9325626204238922, 0.9441233140655106, 0.9441233140655106, 0.9421965317919075, 0.9383429672447013, 0.9402697495183044, 0.9421965317919075, 0.9441233140655106], "train_auc": [0.9835700232973537, 0.98386292422437, 0.9861160082783418, 0.9878370625358577, 0.988409856894321, 0.9884987027345937, 0.9898970085082957, 0.9904810682870289, 0.9907282107028461, 0.9907797761317102, 0.9923026983585005, 0.991900046687618, 0.9927345007560606, 0.9935839366720788, 0.9940386183252385, 0.9946529902141824, 0.9924238306609898, 0.993506356252076, 0.996112036346659, 0.9953618987227104], "val_auc": [0.9715751896474789, 0.976052357578462, 0.9748772869254797, 0.9757251227130744, 0.9771679309831921, 0.976944816302246, 0.9816153502900491, 0.9794734493529674, 0.9827606723189054, 0.9802022906440577, 0.9816748475383014, 0.9833853934255541, 0.9827160493827161, 0.9839654915960137, 0.9848579503197977, 0.983147404432545, 0.9857057861073926, 0.9863453815261044, 0.9845753383905994, 0.986672616391492]}